dataset,provider,product_name,version,spatial_resolution,temporal_resolution,start_date,end_date,study_area_coverage,pre_fire_available,post_fire_available,access_method,authentication_required,estimated_volume,role_in_analysis,required_or_optional,known_issues,status
Creek Fire perimeter,NIFC/CAL FIRE,WFIGS historic / CA Fire Perimeters,current,vector,event,2020-09-04,2020-09-04,full fire,yes,yes,ArcGIS REST,no,<10MB,treatment domain,required,query syntax varies by service,downloading
MTBS burn severity,USGS/USFS,MTBS fire-level + mosaics,current,30m,event,2020,2020,Creek Fire,N/A,yes,HTTP zip / Burn Severity Portal,no,0.5-2GB,severity gradient,required,need fire-specific dNBR,downloading
Blue Fire perimeter,NIFC/CAL FIRE,WFIGS/CA perimeters,current,vector,event,2021,2021,SOAP vicinity,N/A,yes,ArcGIS REST,no,<10MB,exclude reburn from NEON contrasts,required,name collisions possible,pending
HLSL30/HLSS30,NASA,Harmonized Landsat Sentinel-2 V2,2,30m,2-3 days,2013/2015,present,full AOI if subsetted,yes,yes through WY2026,GEE/PC/Earthdata,Earthdata or GEE,40-120GB processed,primary snow+veg,required,Earthdata not configured locally,pending
VIIRS VNP10A1F,NASA NSIDC,Cloud-gap-filled snow cover,2,375m,daily,2012,present,tiles covering AOI,yes,yes,Earthdata/PC,often yes,10-30GB,SDD validation,required,do not treat as 30m truth,pending
MODIS MOD10A1F,NASA NSIDC,Cloud-gap-filled snow cover,6.1,500m,daily,2000,present,tiles covering AOI,yes,yes,Earthdata/PC,often yes,10-30GB,validation/sensitivity,optional,resolution mismatch,pending
COP DEM GLO-30,ESA/PC,Copernicus DEM,2021_1,30m,static,static,static,AOI+30km buffer,yes,yes,Planetary Computer STAC,no,0.5-2GB,topography,required,prefer 3DEP 10m if available,pending
USGS 3DEP,USGS,1/3 arc-sec DEM,current,~10m,static,static,static,AOI,yes,yes,The National Map / AWS,no,2-8GB,higher-res topo sensitivity,optional,larger volume,pending
Daymet V4,ORNL DAAC,Daily surface weather,4,~1km,daily,1980,latest,AOI,yes,yes,THREDDS/PC,no,5-15GB,meteorology predictors,required,do NOT use SWE as SDD predictor,pending
NLCD 2019,MRLC,Land Cover,2019,30m,epoch,2019,2019,AOI,yes,N/A,MRLC viewer/download,no,0.2-1GB,forest mask,required,version mixing risk,pending
LANDFIRE,LANDFIRE,EVT/EVC,LF 2016/2020,30m,epoch,prefire,prefire,AOI,yes,N/A,LANDFIRE gateway,no,0.5-2GB,vegetation structure,optional,harmonize epochs,pending
GEDI L2A,NASA,GEDI02_A,003,~25m footprint,sparse 2019+,2019,present w/ gaps,sparse over fire,partial,partial,Earthdata,yes,5-20GB,structure sample,strongly keep,not wall-to-wall,pending
NEON SOAP LiDAR,NEON,AOP LiDAR CHM/DTM/DSM,AOP,1m,2019 & 2021,2019,2021,SOAP only,yes,yes,NEON API,no,20-80GB,structural mechanism,strongly keep,Blue Fire overlap,metadata ok
NEON SOAP hyperspectral,NEON,AOP spectrometer reflectance,AOP,1m,2019 & 2021,2019,2021,selected tiles,yes,yes,NEON API,no,10-40GB,mechanism support,optional,huge volume,metadata ok
ECOSTRESS,NASA JPL,LST tiled,~70m,variable,2018,present,partial,partial,yes,Earthdata,yes,variable,spring LST anomalies,optional,sparse clouds,audit later
EMIT,NASA JPL,L2A reflectance,~60m,variable,2022,present,partial,no,yes,Earthdata,yes,variable,postfire spectra only,optional omit,no prefire,likely omit
OpenET,OpenET,ET,current,~30m,monthly,varies,present,partial,partial,yes,API,yes,variable,hydrology broadening,exclude,scope creep,excluded
ASO snow depth,NASA/JPL,Airborne Snow Observatory,campaign,3m,campaign,varies,varies,partial overlap?,varies,varies,NSIDC/portal,varies,variable,independent snow validation,optional,limited overlap,search later
CDEC/SNOTEL,CA DWR / NRCS,ground snow stations,current,point,daily,long,present,nearby stations,yes,yes,public APIs,no,<100MB,temporal validation,optional,elevation distance bias,pending
