dataset,provider,product,spatial_resolution,temporal_resolution,period_used,role,status,local_path
HLS L30 + S30 v2.0,NASA LP DAAC via Google Earth Engine,HLSL30 / HLSS30 surface reflectance,30 m (aggregated to 500 m),2-3 d,WY2016-2026 (Oct-Jul),Primary snow persistence (NDSI),Used - 11/11 water-year grids on disk,data/interim/gee/persist_500m/
Copernicus DEM GLO-30,ESA via Microsoft Planetary Computer,COP-DEM GLO-30 (2021_1),30 m,static,static,"Elevation, slope, northness, eastness, radiation index; matching covariates; 3-D rendering",Used,data/raw/dem/dem_cop30_aoi.tif
MTBS fire perimeters,USGS/USFS MTBS,"mtbs_perims_DD (CREEK, CA3720111927220200905)",vector,event,2020,Treatment domain; control ring (5-30 km),Used,data/raw/fire/creek_fire_perimeter.gpkg
Burn severity (dNBR),Sentinel-2 L2A dNBR via GEE (MTBS fallback),Median NBR Jun-Aug 2020 minus Oct-Nov 2020; classes 0.10/0.27/0.44,30 m (aggregated to 500 m),event,2020,Severity gradient; stratified BACI; model feature,"Used - valid over 100 % of perimeter, 3778/3778 matched cells; MTBS mosaic download returned 404",data/raw/mtbs/severity/creek_s2_dnbr_gee_30m.tif
NEON SOAP AOP,NEON,"DP3.30015 CHM, DP3.30024 DTM, DP3.30025 DSM, DP3.30006 reflectance, DP1.30003 LiDAR",1 m,"campaign (2019, 2021)",2019 pre / 2021 post (planned),Canopy-structure mechanism,Metadata inventoried only; tiles not yet downloaded,data/raw/neon/
Blue Fire perimeter (2021),MTBS,Perimeter for reburn exclusion at SOAP,vector,event,2021,Exclusion mask for NEON contrasts,"Pending - retrieved candidate is a Texas 'BLUE' event, not the Sierra Nevada fire",data/raw/blue_fire/
ERA5-Land (Daymet unavailable),ECMWF / Copernicus via GEE,"Domain-mean water-year T, P, shortwave; PDD/FDD",~9 km (AOI mean),hourly → WY,WY2016-2026,Climate covariates / ablation set B,Used - AOI water-year means in results/statistical/daymet_wy_features.csv (ERA5-Land content; legacy filename),results/statistical/daymet_wy_features.csv
GEDI L2A,NASA LP DAAC,GEDI02_A v003,25 m footprints,"2019-2023, 2024-",planned,Canopy structure sample,Not yet downloaded (Earthdata auth pending),data/raw/gedi/
MODIS MOD10A1 (+ VIIRS VNP10A1F planned),NSIDC via GEE,Daily snow cover (NDSI),500 m / 375 m,daily,WY2016-2026,Independent snow validation,Used - per-year HLS vs MODIS agreement in results/metrics/hls_modis_persist_validation.csv,results/metrics/hls_modis_persist_validation.csv
NLCD 2019 / LANDFIRE,MRLC / LANDFIRE,"Land cover, EVT/EVC",30 m,epoch,pre-fire,"Forest mask, vegetation structure",Not yet downloaded,data/raw/nlcd/
