n,r2,rmse,mae,target,ablation,model,features
22665,-0.0029028679051694706,0.0826599855031476,0.06176379818078504,adj_diff_anomaly,A_topo,elastic_net,"elevation,slope,northness"
22665,-0.07560983004972854,0.08560384450624241,0.06425129374590316,adj_diff_anomaly,A_topo,random_forest,"elevation,slope,northness"
22665,-0.026891662288782925,0.08364273053320191,0.06284451644836543,adj_diff_anomaly,A_topo,xgboost,"elevation,slope,northness"
22665,-0.0029028679051694706,0.0826599855031476,0.06176379818078504,adj_diff_anomaly,B_topo_met,elastic_net,"elevation,slope,northness,winter_tmean,winter_prcp,winter_srad,pdd"
22665,-0.017332439855862747,0.08325250975337492,0.06203018446247024,adj_diff_anomaly,B_topo_met,random_forest,"elevation,slope,northness,winter_tmean,winter_prcp,winter_srad,pdd"
22665,0.007181775707364557,0.08224334363688128,0.061487593847589284,adj_diff_anomaly,B_topo_met,xgboost,"elevation,slope,northness,winter_tmean,winter_prcp,winter_srad,pdd"
22665,-0.0029028679051694706,0.0826599855031476,0.06176379818078504,adj_diff_anomaly,C_topo_met_sev,elastic_net,"elevation,slope,northness,dnbr,winter_tmean,winter_prcp,pdd,years_since_fire"
22665,0.03241391359816703,0.08119152440106085,0.06062672670649964,adj_diff_anomaly,C_topo_met_sev,random_forest,"elevation,slope,northness,dnbr,winter_tmean,winter_prcp,pdd,years_since_fire"
22665,0.04619714964366706,0.0806111647179693,0.06025174819716429,adj_diff_anomaly,C_topo_met_sev,xgboost,"elevation,slope,northness,dnbr,winter_tmean,winter_prcp,pdd,years_since_fire"
22665,-0.0029028679051694706,0.0826599855031476,0.06176379818078504,adj_diff_anomaly,D_full_static,elastic_net,"elevation,slope,northness,dnbr,years_since_fire,winter_tmean,winter_prcp,winter_srad,fdd,pdd"
22665,0.03249132665307719,0.0811882764163359,0.06062362753762592,adj_diff_anomaly,D_full_static,random_forest,"elevation,slope,northness,dnbr,years_since_fire,winter_tmean,winter_prcp,winter_srad,fdd,pdd"
22665,0.04580772474561656,0.08062761926673258,0.060333863420738036,adj_diff_anomaly,D_full_static,xgboost,"elevation,slope,northness,dnbr,years_since_fire,winter_tmean,winter_prcp,winter_srad,fdd,pdd"
22665,0.21114367786925547,0.13739154141957846,0.10573558523909268,treated_persist,A_topo,elastic_net,"elevation,slope,northness"
22665,0.26346288042469235,0.1327572844356303,0.0991859783865254,treated_persist,A_topo,random_forest,"elevation,slope,northness"
22665,0.27762421968339634,0.1314748333691228,0.09781370454539948,treated_persist,A_topo,xgboost,"elevation,slope,northness"
22665,0.6483744213905149,0.09172786191812843,0.07413253918386578,treated_persist,B_topo_met,elastic_net,"elevation,slope,northness,winter_tmean,winter_prcp,winter_srad,pdd"
22665,0.7846077606032898,0.0717920023733435,0.05299047119680474,treated_persist,B_topo_met,random_forest,"elevation,slope,northness,winter_tmean,winter_prcp,winter_srad,pdd"
22665,0.7940138248576907,0.07020694532869019,0.05235110593268157,treated_persist,B_topo_met,xgboost,"elevation,slope,northness,winter_tmean,winter_prcp,winter_srad,pdd"
22665,0.6483744213905149,0.09172786191812843,0.07413253918386578,treated_persist,C_topo_met_sev,elastic_net,"elevation,slope,northness,dnbr,winter_tmean,winter_prcp,pdd,years_since_fire"
22665,0.8054289947259675,0.068233885460131,0.050248867577461616,treated_persist,C_topo_met_sev,random_forest,"elevation,slope,northness,dnbr,winter_tmean,winter_prcp,pdd,years_since_fire"
22665,0.8096873600471172,0.06748307402840094,0.05024920728415575,treated_persist,C_topo_met_sev,xgboost,"elevation,slope,northness,dnbr,winter_tmean,winter_prcp,pdd,years_since_fire"
22665,0.6483744213905149,0.09172786191812843,0.07413253918386578,treated_persist,D_full_static,elastic_net,"elevation,slope,northness,dnbr,years_since_fire,winter_tmean,winter_prcp,winter_srad,fdd,pdd"
22665,0.805438429811194,0.06823223105039872,0.05024363479914935,treated_persist,D_full_static,random_forest,"elevation,slope,northness,dnbr,years_since_fire,winter_tmean,winter_prcp,winter_srad,fdd,pdd"
22665,0.8107135339536463,0.06730089230066238,0.0500972253044281,treated_persist,D_full_static,xgboost,"elevation,slope,northness,dnbr,years_since_fire,winter_tmean,winter_prcp,winter_srad,fdd,pdd"
