"path","bytes","md5"
"data/README.md","360","603f3340b1ed27248e3a3bef17c2fe92"
"data/boundary/aoi_bbox.json","133","43dda0456a7b0017cb23e45b6460a47c"
"data/boundary/creek_fire_attributes.json","244","5b454fca1969a0d3b9e191abebd6930d"
"data/boundary/creek_fire_perimeter.geojson","3308219","a74166476ec68e614e88145c737262f2"
"data/boundary/creek_fire_perimeter.gpkg","1253376","070f9dbebec4d667c8c5442d6f91a937"
"data/derived/analysis_cells.parquet","1295434","6a3d2f63e6018d435d7999f1024eeaad"
"data/derived/baci_panel.parquet","601902","bd959b3cbff101a3a1da553089c8f93e"
"data/derived/baci_panel_with_sdd.parquet","1274676","5fd8ed660bf2092b42b0da40b60301bf"
"data/derived/era5land_wy_aoi_means.csv","1603","ff515c23c45f9433473a8c7fc6996a00"
"data/derived/matched_treated.parquet","326337","4e7922294800ed1a78df55584eed31c2"
"results/README.md","397","66e778257434f6c8542f320429c327c4"
"results/figures/figure_01.pdf","365281","dc9a16b1ec5a31ab33ecb1dee010666f"
"results/figures/figure_01.png","2856440","d3d0cd2f60a6db9e7928ba199f83665d"
"results/figures/figure_02.pdf","2906721","254690f6ef258706ff6afb70316bc4b0"
"results/figures/figure_02.png","3005816","ea71b7e4714425e0fd6d973865c1c877"
"results/figures/figure_03.pdf","3905269","bb885a95a082e4e2a3aa7f649eb81c27"
"results/figures/figure_03.png","4292165","4b5888c7d4e6d91ae51b1fa6820ecb52"
"results/figures/figure_04.pdf","1845586","e5e6c805c2d28c1aa4c79a18d958b673"
"results/figures/figure_04.png","2113290","1e3c4c4ac419081df337167f386fff60"
"results/figures/figure_05.pdf","1724684","6daed158e241d556b40bf93b24e8c9b1"
"results/figures/figure_05.png","1564562","b444a99ddce976301a2016ee2311714b"
"results/figures/figure_06.pdf","72341","bdf8fc57cc492ca9c1161023e130b98c"
"results/figures/figure_06.png","225668","af3337c88bd6107a3a9cd2409a5dcf0f"
"results/figures/figure_07.pdf","47046","b7897d18ae48346c805ffc3dd81ecd44"
"results/figures/figure_07.png","247331","9d88780ed10de022280f0aec1ab6974f"
"results/figures/figure_08.pdf","56925","34bed97a3e5eb8f8ec6b85dc12168bf7"
"results/figures/figure_08.png","228725","2774136602e78dd5718fb682f0759389"
"results/figures/figure_09.pdf","60477","66714e979e34f17dfe26fd15e3f17217"
"results/figures/figure_09.png","300220","25d51bea85f47696bc9aa041ce0d1c15"
"results/figures/README.md","517","f5507fd3618add891c2863cfadc72cdc"
"results/metrics/ablation_spatial_cv.csv","4228","f0a81e2547ca4226963af770436591ab"
"results/metrics/best_model_spatial_cv.json","307","d8fda6b6746c471ec977c4e298987a0f"
"results/metrics/hls_modis_persist_validation.csv","1025","afd9b8c0e271e6895cafabb634583103"
"results/metrics/model_comparison_spatial_cv.csv","514","0701436ee6951ef5aeb27ac9f4793c4c"
"results/metrics/oof_anomaly_preds.parquet","601823","c960e25e6ce75d8ee07f34b78d234c5f"
"results/metrics/xgboost_shap_importance.csv","239","87c87316d7703c63172980883aac1651"
"results/statistical/baci_by_severity.csv","358","82476add2b6ae6d787fe9e86ee5fb6e1"
"results/statistical/baci_by_severity_uncertainty.csv","909","a1e401f0128e8eb3f20d1e6619717921"
"results/statistical/baci_heterogeneity_exploratory.csv","1044","96a1228e475a459561a5de41699edf16"
"results/statistical/baci_sdd_by_severity.csv","159","ca12abee07db97a060b3e9b6077f2fb2"
"results/statistical/baci_sdd_proxy.json","320","9077407e592cd12d00b79b37f6da68d8"
"results/statistical/baci_summary.json","445","caef42eb62519dfdc0ec628ec7d54e7c"
"results/statistical/baci_year_level_uncertainty.json","543","cdd70cc9a9ddf28a872ee5b7e69b8820"
"results/statistical/daymet_wy_features.csv","1603","ff515c23c45f9433473a8c7fc6996a00"
"results/statistical/event_study_persist.csv","1362","618b3a74353f8c70aac11548ed4ef8f8"
"results/statistical/event_study_sdd_proxy.csv","1245","a4d00443655828d2e01d9fd273ea64e3"
"results/statistical/gedi_burned_vs_control.json","324","618726fbf495d08a7b8f301bd212c760"
"results/statistical/matching_balance.csv","351","03dd5ead4e89d58464a3581f8fe4ec1c"
"results/statistical/morans_i_residuals.json","129","7c187d33ae4a4e7c635d252a811e122b"
"results/statistical/resolution_benchmark.json","513","4d067da1641ae88c13afffa80aeabc99"
"results/statistical/sensitivity_ndsi.json","443","cf4f2dbe71d3f1bfa3dbbcdeacdb9bd8"
"results/tables/data_inventory.csv","3788","83ce781d6846f34be5010afa3a0d8dc7"
"results/tables/table_01_data_sources.csv","2659","e5617ef3a02e9e59933023641e4241ea"
"results/tables/table_02_study_area_summary.csv","4027","827ec4373adfc3a7429ec07229987366"
"results/tables/table_03_baci_effects.csv","6639","f763965178e18b1035085f94c5bfb130"
"results/tables/table_04_model_performance.csv","7623","88e3c7c1965dff0dfc996b6a6a6aa885"
"results/tables/table_05_ablations.csv","4228","f0a81e2547ca4226963af770436591ab"
