water_year,prcp,srad,tmean,winter_tmean,winter_prcp,winter_srad,pdd,fdd
2016,0.7620493736093255,19404743.55683968,6.607839621023074,6.607839621023074,0.7620493736093255,19404743.55683968,1321.5679242046149,0.0
2017,1.4905150085304424,18934409.21203775,6.891142349139948,6.891142349139948,1.4905150085304424,18934409.21203775,1378.2284698279896,0.0
2018,0.7003290919099638,19590370.07634188,7.821045107905866,7.821045107905866,0.7003290919099638,19590370.07634188,1564.2090215811731,0.0
2019,1.208203792610011,19030879.143810514,6.066636252722993,6.066636252722993,1.208203792610011,19030879.143810514,1213.3272505445984,0.0
2020,0.5611187803376063,19782412.33950705,7.041340121285764,7.041340121285764,0.5611187803376063,19782412.33950705,1408.2680242571528,0.0
2021,0.4604880555594833,20192137.471216515,7.89730777621707,7.89730777621707,0.4604880555594833,20192137.471216515,1579.461555243414,0.0
2022,0.5834893084339918,20069315.596291333,7.295436099731128,7.295436099731128,0.5834893084339918,20069315.596291333,1459.0872199462256,0.0
2023,1.5542327476917297,19078333.016285457,5.160497821730546,5.160497821730546,1.5542327476917297,19078333.016285457,1032.0995643461092,0.0
2024,0.7849208727730091,19667010.9041955,7.256495245643932,7.256495245643932,0.7849208727730091,19667010.9041955,1451.2990491287865,0.0
2025,0.6873193920516859,19869215.30656284,7.371941117896178,7.371941117896178,0.6873193920516859,19869215.30656284,1474.3882235792355,0.0
2026,0.8353171762790771,19473272.26627921,8.404960624644318,8.404960624644318,0.8353171762790771,19473272.26627921,1680.9921249288636,0.0
