water_year,rel_year,estimate,se,ci95_low,ci95_high,n
2016,-4,-0.023236649494486047,0.0015156598595427399,-0.026207342819189818,-0.020265956169782277,3778
2017,-3,0.02097172575301203,0.0011199322207500325,0.01877665860034197,0.023166792905682094,3778
2018,-2,0.01310696851386673,0.0008424011516088457,0.011455862256713393,0.014758074771020068,3777
2019,-1,0.01410705932253817,0.0010870208982288578,0.011976498362009608,0.01623762028306673,3778
2020,0,-0.01634629400345448,0.0009415669635541491,-0.01819176525202061,-0.014500822754888348,3778
2021,1,0.015066916723782468,0.001306228971502108,0.012506707939638336,0.0176271255079266,3778
2022,2,-0.01327732481016068,0.0012525295329036963,-0.015732282694651926,-0.010822366925669435,3778
2023,3,-0.006622169365985107,0.0013213384878019822,-0.009211992802076992,-0.004032345929893221,3778
2024,4,-0.004029476432906871,0.0012889818093891748,-0.006555880779309653,-0.001503072086504088,3775
2025,5,0.020979474427212028,0.0013892890276830526,0.018256467932953244,0.02370248092147081,3778
2026,6,0.008456794324179628,0.0013947918261176904,0.0057230023449889545,0.0111905863033703,3778
