"path","bytes"
"results/README.md","397"
"results/figures/figure_01.pdf","365281"
"results/figures/figure_01.png","2856440"
"results/figures/figure_02.pdf","2906721"
"results/figures/figure_02.png","3005816"
"results/figures/figure_03.pdf","3905269"
"results/figures/figure_03.png","4292165"
"results/figures/figure_04.pdf","1845586"
"results/figures/figure_04.png","2113290"
"results/figures/figure_05.pdf","1724684"
"results/figures/figure_05.png","1564562"
"results/figures/figure_06.pdf","72341"
"results/figures/figure_06.png","225668"
"results/figures/figure_07.pdf","47046"
"results/figures/figure_07.png","247331"
"results/figures/figure_08.pdf","56925"
"results/figures/figure_08.png","228725"
"results/figures/figure_09.pdf","60477"
"results/figures/figure_09.png","300220"
"results/figures/README.md","517"
"results/metrics/ablation_spatial_cv.csv","4228"
"results/metrics/best_model_spatial_cv.json","307"
"results/metrics/hls_modis_persist_validation.csv","1025"
"results/metrics/model_comparison_spatial_cv.csv","514"
"results/metrics/oof_anomaly_preds.parquet","601823"
"results/metrics/xgboost_shap_importance.csv","239"
"results/statistical/baci_by_severity.csv","358"
"results/statistical/baci_by_severity_uncertainty.csv","909"
"results/statistical/baci_heterogeneity_exploratory.csv","1044"
"results/statistical/baci_sdd_by_severity.csv","159"
"results/statistical/baci_sdd_proxy.json","320"
"results/statistical/baci_summary.json","445"
"results/statistical/baci_year_level_uncertainty.json","543"
"results/statistical/daymet_wy_features.csv","1603"
"results/statistical/event_study_persist.csv","1362"
"results/statistical/event_study_sdd_proxy.csv","1245"
"results/statistical/gedi_burned_vs_control.json","324"
"results/statistical/matching_balance.csv","351"
"results/statistical/morans_i_residuals.json","129"
"results/statistical/resolution_benchmark.json","513"
"results/statistical/sensitivity_ndsi.json","443"
"results/tables/data_inventory.csv","3788"
"results/tables/table_01_data_sources.csv","2659"
"results/tables/table_02_study_area_summary.csv","4027"
"results/tables/table_03_baci_effects.csv","6639"
"results/tables/table_04_model_performance.csv","7623"
"results/tables/table_05_ablations.csv","4228"
